adapter_construct_ms,agg_raster_draw_ms,all_hulls_cpu_ms,artist_setup_ms,attempts,average_fps,bipartite_projection_ms,canonical_validate_ms,dataset,exact_incidence_records,exact_model_records,exact_parser_memberships,failure_stages,file_read_ms,frame_p50_ms,frame_p95_ms,frame_p95_run_max_ms,frame_p95_run_min_ms,hif_parse_validate_ms,hif_viewer_conversion_ms,import_save_wall_ms,json_parse_ms,layout_step_p50_ms,load_wall_ms,matched_requested_viewport,mode,native_parse_ms,peak_rss_mib_median,pixel_buffer_copy_ms,png_export_ms,render_target_size,startup_construction_ms,statuses,successful_runs,tool,tool_import_ms,track,update_commit_ms,update_next_frame_ms,update_two_raf_ms,viewport_size,whole_session_peak_rss_mib
,,,,5,120.00480019200768,,,high-arity-10,,,,[],,8.300000000000182,8.5,8.699999999999829,8.400000000000091,,,,,,211.85579199995846,,camera-motion,,,,,,,"[""completed""]",5,3d-force-graph,,browser,0.7999999523162842,,20.300000071525574,,
,,,,5,119.99999999999997,,,high-arity-10,,,,[],,8.300000000000182,9.09999999999992,16.700000000000045,9.0,,,,,,277.26941599999554,,camera-motion,,,,,,,"[""completed""]",5,cytoscape,,browser,45.700000047683716,,96.5,,
,,,,5,59.99640021598704,,,high-arity-10,,,,[],,16.699999999999818,17.5,17.504999999999974,17.5,,,,,,162.49337499999092,,camera-motion,,,,,,,"[""completed""]",5,sigma,,browser,4.100000023841858,,10.5,,
,,,,5,24.70844040324175,,,high-arity-100,,,,[],,41.699999999998,50.0,50.39999999999973,41.799999999999365,,,,,,953.8225000000093,,camera-motion,,,,,,,"[""completed""]",5,3d-force-graph,,browser,5.800000071525574,,745,,
,,,,5,120.0,,,high-arity-100,,,,[],,8.300000000000182,9.199999999999818,9.200000000000273,9.100000000000364,,,,,,1282.8094170000404,,camera-motion,,,,,,,"[""completed""]",5,cytoscape,,browser,2450,,2771.5,,
,,,,5,59.99640021598704,,,high-arity-100,,,,[],,16.699999999999818,17.5,17.5,17.40000000000009,,,,,,663.5854169999948,,camera-motion,,,,,,,"[""completed""]",5,sigma,,browser,13.900000095367432,,32,,
,,,,5,,,,high-arity-1000,,,,"[""incremental update"", ""timed sampling""]",,,,,,,,,,,,,camera-motion,,,,,,,"[""failed""]",0,3d-force-graph,,browser,,,,,
,,,,5,,,,high-arity-1000,,,,"[""timed sampling""]",,,,,,,,,,,,,camera-motion,,,,,,,"[""failed""]",0,cytoscape,,browser,,,,,
,,,,5,43.15925766076823,,,high-arity-1000,,,,[],,16.700000000000728,50.0,50.100000000000364,50.0,,,,,,5762.138208000048,,camera-motion,,,,,,,"[""completed""]",5,sigma,,browser,167.79999995231628,,351.2999999523163,,
,,,,5,5.217109705983209,,,large,,,,"[""incremental update""]",,191.64999999999782,203.62000000000552,205.91000000000787,201.3300000000032,,,,,,3335.5768124999013,,camera-motion,,,,,,,"[""completed"", ""failed""]",2,3d-force-graph,,browser,48.34999996423721,,4161.699999988079,,
,,,,5,120.01920787479659,,,large,,,,"[""incremental update""]",,8.300000000000182,9.299999999999272,9.299999999999272,9.205000000000656,,,,,,5253.855395499966,,camera-motion,,,,,,,"[""completed"", ""failed""]",4,cytoscape,,browser,51638.90000003576,,53253.200000047684,,
,,,,5,59.99640021598705,,,large,,,,[],,16.699999999999818,17.5,17.504999999999974,17.399999999999682,,,,,,2999.3059169999906,,camera-motion,,,,,,,"[""completed""]",5,sigma,,browser,1079.8000000715256,,1160.9000000953674,,
,,,,5,7.371822437370225,,,mathlib,,,,[],,133.3000000000029,150.0,191.3150000000027,134.0,,,,,,7748.540666999994,,camera-motion,,,,,,,"[""completed""]",5,3d-force-graph,,browser,73.30000007152557,,11238.900000095367,,
,,,,5,,,,mathlib,,,,"[""incremental update"", ""timed sampling""]",,,,,,,,,,,,,camera-motion,,,,,,,"[""failed""]",0,cytoscape,,browser,,,,,
,,,,5,59.99640021598705,,,mathlib,,,,[],,16.69999999999891,17.5,17.600000000000364,17.399999999999636,,,,,,7231.883042000001,,camera-motion,,,,,,,"[""completed""]",5,sigma,,browser,13242.900000095367,,13612.400000095367,,
,,,,5,35.40240736370073,,,moderate,,,,[],,25.100000000000364,33.399999999999636,34.10500000000038,33.399999999999636,,,,,,727.1333330001216,,camera-motion,,,,,,,"[""completed""]",5,3d-force-graph,,browser,4.200000047683716,,414.7999999523163,,
,,,,5,120.0,,,moderate,,,,[],,8.300000000000182,9.205000000000656,10.0,9.199999999999818,,,,,,1014.5705409999937,,camera-motion,,,,,,,"[""completed""]",5,cytoscape,,browser,1342.6000000238419,,1586.5,,
,,,,5,59.99640021598704,,,moderate,,,,[],,16.699999999999818,17.5,17.59999999999993,17.404999999999657,,,,,,538.9120419999817,,camera-motion,,,,,,,"[""completed""]",5,sigma,,browser,42.199999928474426,,56.5,,
,,,,5,120.0,,,scientific,,,,[],,8.300000000000182,8.400000000000091,8.704999999999837,8.400000000000091,,,,,,190.25154200010002,,camera-motion,,,,,,,"[""completed""]",5,3d-force-graph,,browser,0.7999999523162842,,17.800000071525574,,
,,,,5,120.00480019200768,,,scientific,,,,[],,8.300000000000182,9.200000000000273,10.0,9.099999999999909,,,,,,247.11237500002608,,camera-motion,,,,,,,"[""completed""]",5,cytoscape,,browser,37.5,,79.19999992847443,,
,,,,5,59.99640021598705,,,scientific,,,,[],,16.699999999999818,17.5,17.5,17.399999999999636,,,,,,148.42616599996109,,camera-motion,,,,,,,"[""completed""]",5,sigma,,browser,7.5,,10.700000047683716,,
,,1.284417,,5,,0.15075,,high-arity-10,,,,,,,,,,3.872959,3.3592079999999997,,,0.899458,,,frozen,1.12825,34.5625,,,,,"[""ok""]",5,Hyper,,core,,,,,
,,37.928333,,5,,0.611,,high-arity-100,,,,,,,,,,12.999042000000001,15.998292000000001,,,1.1687705,,,frozen,1.478708,91.78125,,,,,"[""ok""]",5,Hyper,,core,,,,,
,,44.921375,,5,,4.31825,,high-arity-1000,,,,,,,,,,104.577791,147.098334,,,1.7627920000000001,,,frozen,4.778042,677.53125,,,,,"[""ok""]",5,Hyper,,core,,,,,
,,78.29204200000001,,5,,4.0865,,large,,,,,,,,,,60.409125,85.064167,,,31.9006245,,,frozen,14.190125,423.453125,,,,,"[""ok""]",5,Hyper,,core,,,,,
,,10.773333,,5,,15.366,,mathlib,,,,,,,,,,141.10008399999998,228.002417,,,97.660187,,,frozen,36.261500000000005,1020.78125,,,,,"[""ok""]",5,Hyper,,core,,,,,
,,15.588708,,5,,0.634666,,moderate,,,,,,,,,,11.522792,12.630625,,,3.5262705,,,frozen,2.123292,80.765625,,,,,"[""ok""]",5,Hyper,,core,,,,,
,,0.109791,,5,,0.185833,,scientific,,,,,,,,,,3.079375,2.420291,,,2.0560625000000003,,,frozen,0.76725,30.078125,,,,,"[""ok""]",5,Hyper,,core,,,,,
,,,,5,118.81973976100595,,,moderate,,,True,,,8.3265,10.369250000000003,11.88155,8.6895,,,,,,,True,frozen-camera-motion,,,,,"[1920.0, 1080.0]",188.342,"[""ok""]",5,HyperGodot,,desktop-group,,,,"[1920.0, 1080.0]",336.546875
,,,,5,,,,mathlib,True,,,,,,,,,,,1490.5674999999992,,,,,headless-import-save,,656.15625,,,,,"[""ok""]",5,Graphia,,desktop-import,,,,,
,,,,5,,,,moderate,True,,,,,,,,,,,390.8611670000006,,,,,headless-import-save,,130.734375,,,,,"[""ok""]",5,Graphia,,desktop-import,,,,,
,,,,5,,,,scientific,True,,,,,,,,,,,332.8365420000008,,,,,headless-import-save,,106.375,,,,,"[""ok""]",5,Graphia,,desktop-import,,,,,
,,,,5,119.82986869988167,,,high-arity-10,,,,,,8.343771,8.9930366,17.45418335,8.610943099999998,,,,,,,,frozen,,235.171875,,,,,"[""ok"", ""watchdog_timeout""]",4,Hyper,,native,0.24362499999999998,8.400521000000001,,,
,,,,5,64.61796892456307,,,high-arity-10,,,,,,8.6670625,17.0684306,26.3379021,16.94330175,,,,,,,,frozen+hulls,,260.625,,,,,"[""ok""]",5,Hyper,,native,0.277417,16.408915999999998,,,
,,,,5,117.86454974748196,,,high-arity-100,,,,,,8.324667,9.530175,17.019593150000002,8.696767,,,,,,,,frozen,,255.796875,,,,,"[""ok""]",5,Hyper,,native,0.870208,8.27925,,,
,,,,5,49.447122452522876,,,high-arity-100,,,,,,16.717312,33.508365250000004,33.732054500000004,25.29628335,,,,,,,,frozen+hulls,,271.90625,,,,,"[""ok""]",5,Hyper,,native,0.5804579999999999,42.724375,,,
,,,,5,71.99500139281292,,,high-arity-1000,,,,,,12.6834165,17.106894099999998,20.55327295,11.7243215,,,,,,,,frozen,,411.09375,,,,,"[""ok""]",5,Hyper,,native,6.159333,18.402124999999998,,,
,,,,5,29.77707208874065,,,high-arity-1000,,,,,,33.347542000000004,41.77612115,53.862216,34.796988150000004,,,,,,,,frozen+hulls,,427.140625,,,,,"[""ok""]",5,Hyper,,native,8.971290999999999,56.79325,,,
,,,,5,16.345351441727637,,,large,,,,,,61.367645499999995,68.10254567499999,82.65074374999999,66.62374615,,,,,,,,frozen,,700.1484375,,,,,"[""ok"", ""watchdog_timeout""]",4,Hyper,,native,5.769916499999999,62.76875,,,
,,,,5,3.5191572363889527,,,large,,,,,,270.729198,375.32187310000006,455.02350145000014,347.00522440000003,,,,,,,,frozen+hulls,,1006.703125,,,,,"[""ok"", ""watchdog_timeout""]",4,Hyper,,native,6.9078955,302.924271,,,
,,,,5,,,,mathlib,,,,,,,,,,,,,,,,,frozen,,,,,,,"[""watchdog_timeout""]",0,Hyper,,native,,,,,
,,,,5,,,,mathlib,,,,,,,,,,,,,,,,,frozen+hulls,,,,,,,"[""watchdog_timeout""]",0,Hyper,,native,,,,,
,,,,5,117.14653303371168,,,moderate,,,,,,8.312187999999999,9.6822396,17.1010667,8.726020799999999,,,,,,,,frozen,,281.796875,,,,,"[""ok""]",5,Hyper,,native,0.9233330000000001,8.483708,,,
,,,,5,19.566884191655177,,,moderate,,,,,,49.975916500000004,62.078327050000034,74.2269899,51.964571450000015,,,,,,,,frozen+hulls,,358.375,,,,,"[""ok""]",5,Hyper,,native,0.7896249999999999,58.941583,,,
,,,,5,59.998014065734424,,,moderate,,,,,,16.656437500000003,17.009687200000002,17.233082699999997,9.089753500000002,,,,,3.4929794999999997,,,live,,287.140625,,,,,"[""ok""]",5,Hyper,,native,0.907625,16.757542,,,
,,,,5,41.350638667505976,,,moderate,,,,,,21.9059585,37.07194615,43.48701425,34.935810749999995,,,,,3.4389995,,,live+hulls,,384.796875,,,,,"[""ok"", ""watchdog_timeout""]",3,Hyper,,native,0.874833,25.381958,,,
,,,,5,119.37348022637987,,,scientific,,,,,,8.413896,9.082428850000001,17.76361605,8.6574399,,,,,,,,frozen,,237.25,,,,,"[""ok""]",5,Hyper,,native,0.358834,8.502666000000001,,,
,,,,5,119.59758207431508,,,scientific,,,,,,8.332979,9.15702465,17.2186851,8.698001750000001,,,,,,,,frozen+hulls,,257.5,,,,,"[""ok""]",5,Hyper,,native,0.38875,8.541542,,,
,,,,5,5.932056024739585,,,mathlib,,,,,,162.184188,219.9086247,257.63149730000004,191.63183125,,,,,,,,frozen+hulls,,880.296875,,,,,"[""ok""]",5,Hyper,,native-interactive,10.35475,195.358458,,,
,,,,5,9.081420199218897,,,mathlib,,,,,,97.1940415,171.71294405,176.77365565,166.69555655,,,,,14.230917,,,live+hulls,,935.109375,,,,,"[""ok""]",5,Hyper,,native-interactive,9.243917000000001,97.096375,,,
,,,,5,19.04790043287936,,,moderate,,,,,,50.037853999999996,64.92663155000001,95.84127980000001,53.9034247,,,,,,,,frozen+hulls,,298.53125,,,,,"[""ok""]",5,Hyper,,native-interactive,0.36612500000000003,50.895165999999996,,,
,,,,5,50.06377464047368,,,moderate,,,,,,18.000854,30.836029449999998,37.94153095,30.097470799999996,,,,,0.8554785,,,live+hulls,,321.875,,,,,"[""ok""]",5,Hyper,,native-interactive,0.334833,20.603042,,,
,,,,5,47.75056283313845,,,mathlib,,,,,,18.1558745,25.95170445,33.882346150000004,25.77922710000001,,,,,,,,frozen,,674.3125,,,,,"[""ok""]",5,Hyper,,native-star,9.548667,31.525791999999996,,,
,,,,5,5.3932981919356555,,,mathlib,,,,,,187.351604,216.6013354,253.4044726,174.73731285000002,,,,,,,,frozen+hulls,,746.03125,,,,,"[""ok""]",5,Hyper,,native-star,12.262,205.938875,,,
,,,,5,45.09819822161659,,,mathlib,,,,,,21.7779375,24.799570850000002,27.75147535,22.542967,,,,,14.1977295,,,live,,666.34375,,,,,"[""ok""]",5,Hyper,,native-star,7.620542,42.012625,,,
,,,,5,8.846815336427651,,,mathlib,,,,,,100.75751050000001,179.874916675,220.50807085000002,173.5838253,,,,,14.70263525,,,live+hulls,,1057.625,,,,,"[""ok"", ""watchdog_timeout""]",4,Hyper,,native-star,9.592875,101.556396,,,
0.056875,,,,5,,,0.010916,correctness,,True,,,0.212541,,,,,,,,0.071667,,,,construct,,67.546875,,,,,"[""ok""]",5,hypergraphx,7.113292,scientific,,,,,
0.05575,30.262417,,1149.301958,5,,,0.010917,correctness,,True,,,0.078417,,,,,,,,0.063292,,,,plot,,125.40625,1.558458,20.909042,,,"[""ok""]",5,hypergraphx,7.001334,scientific,,,,,
5.145541,,,,5,,,0.008458,correctness,,False,,,0.03725,,,,,,,,0.031792,,,,construct,,198.125,,,,,"[""unsupported_records""]",5,hypernetx,755.6835,scientific,,,,,
4.998208,5.47725,,6.026375,5,,,0.008584,correctness,,False,,,0.048417,,,,,,,,0.032041,,,,plot,,222.375,1.73575,21.036917,,,"[""unsupported_records""]",5,hypernetx,760.475375,scientific,,,,,
0.058583,,,,5,,,0.009541,correctness,,True,,,0.047459,,,,,,,,0.034583,,,,construct,,104.5625,,,,,"[""ok""]",5,xgi,283.202042,scientific,,,,,
0.06325,3.999584,,7.765333,5,,,0.00975,correctness,,True,,,0.051208,,,,,,,,0.0355,,,,plot,,129.265625,1.547667,18.327667,,,"[""ok""]",5,xgi,284.31775,scientific,,,,,
1.0235,,,,5,,,0.149667,high-arity-10,,True,,,0.229625,,,,,,,,0.717166,,,,construct,,69.34375,,,,,"[""ok""]",5,hypergraphx,6.339625,scientific,,,,,
32.927667,,,,5,,,0.148042,high-arity-10,,False,,,0.27925,,,,,,,,0.656375,,,,construct,,202.453125,,,,,"[""unsupported_records""]",5,hypernetx,841.494375,scientific,,,,,
0.748625,,,,5,,,0.144458,high-arity-10,,True,,,0.265875,,,,,,,,0.675667,,,,construct,,106.078125,,,,,"[""ok""]",5,xgi,281.07,scientific,,,,,
6.682958,,,,5,,,0.882125,high-arity-100,,True,,,0.559625,,,,,,,,1.144125,,,,construct,,72.265625,,,,,"[""ok""]",5,hypergraphx,6.501292,scientific,,,,,
193.156208,,,,5,,,0.875542,high-arity-100,,True,,,0.098791,,,,,,,,1.05225,,,,construct,,212.765625,,,,,"[""ok""]",5,hypernetx,840.271958,scientific,,,,,
2.603958,,,,5,,,0.876333,high-arity-100,,True,,,0.439584,,,,,,,,1.118125,,,,construct,,110.828125,,,,,"[""ok""]",5,xgi,278.170625,scientific,,,,,
15.997,,,,5,,,4.725667,high-arity-1000,,False,,,0.62225,,,,,,,,5.15575,,,,construct,,89.765625,,,,,"[""unsupported_records""]",5,hypergraphx,7.142959,scientific,,,,,
1827.21875,,,,5,,,4.877208,high-arity-1000,,True,,,0.531291,,,,,,,,4.8025,,,,construct,,342.265625,,,,,"[""ok""]",5,hypernetx,900.420291,scientific,,,,,
21.3205,,,,5,,,4.70875,high-arity-1000,,True,,,2.555083,,,,,,,,4.782375,,,,construct,,142.65625,,,,,"[""ok""]",5,xgi,271.909334,scientific,,,,,
34.99625,,,,5,,,4.093667,large,,True,,,0.636084,,,,,,,,11.655541,,,,construct,,104.4375,,,,,"[""ok""]",5,hypergraphx,7.07125,scientific,,,,,
876.699333,,,,5,,,4.19175,large,,False,,,0.629625,,,,,,,,11.665208,,,,construct,,295.484375,,,,,"[""unsupported_records""]",5,hypernetx,860.484333,scientific,,,,,
53.333666,,,,5,,,4.224125,large,,True,,,0.648041,,,,,,,,11.503042,,,,construct,,148.53125,,,,,"[""ok""]",5,xgi,280.495541,scientific,,,,,
108.1725,,,,5,,,12.713375,mathlib,,True,,,2.072791,,,,,,,,58.149625,,,,construct,,237.46875,,,,,"[""ok""]",5,hypergraphx,6.886417,scientific,,,,,
1798.545625,,,,5,,,12.971375,mathlib,,False,,,8.097792,,,,,,,,62.972667,,,,construct,,650.90625,,,,,"[""unsupported_records""]",5,hypernetx,885.215458,scientific,,,,,
166.9665,,,,5,,,12.875291,mathlib,,True,,,2.040375,,,,,,,,60.567708,,,,construct,,280.421875,,,,,"[""ok""]",5,xgi,274.656875,scientific,,,,,
5.894708,,,,5,,,0.706542,moderate,,True,,,0.10275,,,,,,,,1.418208,,,,construct,,72.5625,,,,,"[""ok""]",5,hypergraphx,9.13125,scientific,,,,,
,,,,5,,,,moderate,,False,,,,,,,,,,,,,,,plot,,,,,,,"[""watchdog_timeout""]",0,hypergraphx,,scientific,,,,,
161.783542,,,,5,,,0.695084,moderate,,True,,,0.061709,,,,,,,,1.276042,,,,construct,,211.375,,,,,"[""ok""]",5,hypernetx,757.944458,scientific,,,,,
159.922167,1089.548291,,2717.868041,5,,,0.696541,moderate,,True,,,0.061292,,,,,,,,1.27025,,,,plot,,242.421875,1.588708,28.119,,,"[""ok""]",5,hypernetx,756.206792,scientific,,,,,
4.386834,,,,5,,,0.703334,moderate,,True,,,0.269875,,,,,,,,1.34325,,,,construct,,110.0,,,,,"[""ok""]",5,xgi,280.063417,scientific,,,,,
4.709417,452.824667,,214.565458,5,,,0.799083,moderate,,True,,,0.066292,,,,,,,,1.369208,,,,plot,,144.0,1.568875,37.701,,,"[""ok""]",5,xgi,275.288375,scientific,,,,,
1.101458,,,,5,,,0.161542,scientific,,False,,,0.084,,,,,,,,0.557875,,,,construct,,69.296875,,,,,"[""unsupported_records""]",5,hypergraphx,6.417375,scientific,,,,,
1.09425,396.785417,,13764.899333,5,,,0.1615,scientific,,False,,,0.085834,,,,,,,,0.518292,,,,plot,,181.5625,1.708541,40.778666,,,"[""unsupported_records""]",5,hypergraphx,6.540083,scientific,,,,,
27.517958,,,,5,,,0.158541,scientific,,True,,,0.049,,,,,,,,0.458125,,,,construct,,202.125,,,,,"[""ok""]",5,hypernetx,753.316166,scientific,,,,,
27.489833,154.867125,,500.677833,5,,,0.159917,scientific,,True,,,0.049292,,,,,,,,0.458959,,,,plot,,228.1875,1.595667,35.96675,,,"[""ok""]",5,hypernetx,755.231709,scientific,,,,,
1.325541,,,,5,,,0.154791,scientific,,True,,,0.045958,,,,,,,,0.492708,,,,construct,,105.984375,,,,,"[""ok""]",5,xgi,274.38325,scientific,,,,,
1.372583,28.11425,,23.956792,5,,,0.159708,scientific,,True,,,0.27325,,,,,,,,0.518833,,,,plot,,132.25,1.591291,33.236709,,,"[""ok""]",5,xgi,274.083,scientific,,,,,
