# realtime_clock=true, clean=true, structural=true, captured_frames=541, requested_duration_seconds=24.000
# hull_opacity_override=Some(0.008), sampled_hull_outlines=true
# mathlib-d13f23b723b8a846827a245b89c10fc7d3f11612
# mode=capture (includes GPU readback and disk overhead), layout_running=false, vertices=9384, scene_nodes=9384, hyperedges=44906, all_import_lines=true, resolution=1920x1080, warmup=0, frames=720, output_fps=30, wall_seconds=25.829
# layout_step_ms_p50=0.000, layout_step_ms_p95=0.000
# hulls=true, frame_ms_p50=34.255, frame_ms_p95=46.299, median_fps=29.19
frame,hulls,frame_ms
0,true,40.6321
1,true,41.7672
2,true,33.8165
3,true,33.3027
4,true,34.1236
5,true,34.8257
6,true,36.6012
7,true,36.6595
8,true,31.6865
9,true,32.8797
10,true,45.8060
11,true,34.7727
12,true,30.7940
13,true,33.5515
14,true,34.0115
15,true,35.9573
16,true,32.5447
17,true,32.8137
18,true,33.3190
19,true,32.9465
20,true,34.7023
21,true,34.1840
22,true,34.3396
23,true,36.2706
24,true,37.5184
25,true,40.3895
26,true,34.1990
27,true,39.7139
28,true,34.9865
29,true,40.5190
30,true,34.4608
31,true,40.3507
32,true,34.1200
33,true,41.5842
34,true,34.0737
35,true,47.1785
36,true,38.7480
37,true,46.9342
38,true,45.7560
39,true,36.9534
40,true,47.5756
41,true,42.4601
42,true,53.6434
43,true,44.6194
44,true,46.4723
45,true,43.4417
46,true,48.0945
47,true,49.7145
48,true,40.8855
49,true,44.9678
50,true,53.7242
51,true,50.4183
52,true,43.4465
53,true,43.8014
54,true,43.8325
55,true,42.8041
56,true,42.8073
57,true,41.4150
58,true,44.8497
59,true,39.5519
60,true,39.6868
61,true,39.7117
62,true,41.2769
63,true,40.9851
64,true,42.1975
65,true,33.2522
66,true,42.4508
67,true,42.8979
68,true,34.1285
69,true,44.7465
70,true,35.2713
71,true,41.4300
72,true,42.1930
73,true,44.8033
74,true,45.1432
75,true,46.9368
76,true,54.0620
77,true,43.0371
78,true,46.1406
79,true,44.8413
80,true,40.3382
81,true,45.4445
82,true,43.3128
83,true,42.0486
84,true,39.9389
85,true,40.5929
86,true,43.3284
87,true,39.2156
88,true,44.1390
89,true,40.1727
90,true,41.7745
91,true,40.0998
92,true,38.7633
93,true,42.9218
94,true,36.0738
95,true,36.9388
96,true,42.4776
97,true,32.5235
98,true,41.2676
99,true,31.1010
100,true,41.7382
101,true,33.8956
102,true,40.9069
103,true,33.1079
104,true,42.0269
105,true,32.6437
106,true,41.8836
107,true,31.7437
108,true,43.8283
109,true,33.6608
110,true,39.7413
111,true,37.3978
112,true,42.9374
113,true,38.2618
114,true,43.4833
115,true,35.5569
116,true,47.5325
117,true,42.3165
118,true,33.8949
119,true,41.3310
120,true,32.0160
121,true,43.1736
122,true,31.1724
123,true,42.3042
124,true,34.6124
125,true,39.2237
126,true,32.6383
127,true,41.6685
128,true,33.2477
129,true,40.7152
130,true,34.3464
131,true,40.9757
132,true,34.3825
133,true,41.1494
134,true,36.8402
135,true,40.8280
136,true,36.3793
137,true,44.3586
138,true,41.4403
139,true,44.4042
140,true,39.6614
141,true,40.9794
142,true,43.9964
143,true,40.2691
144,true,43.1747
145,true,42.8475
146,true,35.4997
147,true,39.6254
148,true,33.6911
149,true,39.2361
150,true,33.5986
151,true,40.8983
152,true,34.9830
153,true,39.9670
154,true,31.6590
155,true,44.7388
156,true,31.2930
157,true,41.5452
158,true,32.7647
159,true,42.5386
160,true,36.1673
161,true,42.4635
162,true,30.3458
163,true,41.7566
164,true,33.5935
165,true,39.4268
166,true,33.5044
167,true,42.6892
168,true,32.9167
169,true,41.3193
170,true,33.0051
171,true,41.8838
172,true,34.2107
173,true,41.0157
174,true,34.2722
175,true,41.6393
176,true,34.3504
177,true,43.4121
178,true,31.8798
179,true,39.9413
180,true,33.4315
181,true,41.9731
182,true,32.2714
183,true,42.2053
184,true,33.0407
185,true,42.1038
186,true,35.2086
187,true,39.7810
188,true,35.1210
189,true,39.8168
190,true,33.9919
191,true,40.0448
192,true,34.4383
193,true,40.3279
194,true,34.5124
195,true,40.4708
196,true,34.2709
197,true,49.3453
198,true,41.6411
199,true,38.0413
200,true,39.2898
201,true,37.2878
202,true,37.4750
203,true,33.7795
204,true,39.6930
205,true,33.6435
206,true,40.8251
207,true,34.4956
208,true,41.3590
209,true,31.7299
210,true,42.9162
211,true,30.0077
212,true,38.7814
213,true,30.5132
214,true,46.7675
215,true,30.5693
216,true,33.6946
217,true,32.9393
218,true,36.5606
219,true,35.3157
220,true,33.5773
221,true,31.7395
222,true,31.6263
223,true,32.7410
224,true,46.8443
225,true,35.2998
226,true,34.6658
227,true,30.7321
228,true,41.8239
229,true,31.6237
230,true,31.2830
231,true,32.8487
232,true,30.3816
233,true,40.4433
234,true,43.0489
235,true,28.9595
236,true,32.7368
237,true,30.2970
238,true,32.0403
239,true,31.1790
240,true,31.0010
241,true,44.4866
242,true,30.3622
243,true,52.1844
244,true,29.6638
245,true,38.2757
246,true,29.8154
247,true,31.0450
248,true,32.9475
249,true,29.6390
250,true,32.0587
251,true,31.1775
252,true,32.1138
253,true,32.8591
254,true,31.4273
255,true,32.6770
256,true,38.9391
257,true,38.4142
258,true,43.8325
259,true,43.6394
260,true,35.7341
261,true,32.1905
262,true,33.2581
263,true,33.9177
264,true,32.7510
265,true,33.0740
266,true,31.1305
267,true,33.3636
268,true,36.2060
269,true,58.3658
270,true,51.3291
271,true,53.9462
272,true,40.5802
273,true,33.8873
274,true,39.3170
275,true,35.6933
276,true,29.6794
277,true,34.1039
278,true,39.2061
279,true,31.4157
280,true,31.4704
281,true,33.7674
282,true,31.6403
283,true,32.7485
284,true,32.2192
285,true,31.8297
286,true,38.0746
287,true,29.9800
288,true,32.0983
289,true,31.7687
290,true,31.9998
291,true,33.8230
292,true,32.0082
293,true,31.5684
294,true,31.5822
295,true,32.9505
296,true,31.7174
297,true,30.6055
298,true,32.1776
299,true,32.1187
300,true,32.7397
301,true,31.4172
302,true,32.3997
303,true,30.7918
304,true,32.4721
305,true,32.4925
306,true,37.0027
307,true,35.9872
308,true,30.2555
309,true,34.1310
310,true,31.7350
311,true,31.6589
312,true,33.3972
313,true,33.3083
314,true,31.3668
315,true,38.0365
316,true,30.3120
317,true,33.3605
318,true,31.4446
319,true,31.5147
320,true,31.9527
321,true,31.6443
322,true,45.9661
323,true,29.5362
324,true,45.3152
325,true,29.7871
326,true,37.5492
327,true,29.1642
328,true,32.0623
329,true,32.4404
330,true,39.5093
331,true,29.2753
332,true,36.1789
333,true,35.3510
334,true,32.3383
335,true,33.9987
336,true,31.6811
337,true,37.3626
338,true,35.2103
339,true,48.7351
340,true,37.6625
341,true,37.3528
342,true,36.0304
343,true,33.7681
344,true,32.1062
345,true,37.9665
346,true,42.7513
347,true,31.1238
348,true,42.7447
349,true,30.3353
350,true,33.5769
351,true,34.0492
352,true,30.4517
353,true,33.0502
354,true,31.3618
355,true,33.6520
356,true,31.4152
357,true,35.0110
358,true,47.9942
359,true,32.5594
360,true,31.1640
361,true,38.3462
362,true,30.9770
363,true,31.1115
364,true,34.2548
365,true,31.2179
366,true,32.3361
367,true,33.9418
368,true,46.0506
369,true,30.4093
370,true,34.6067
371,true,41.5050
372,true,43.0494
373,true,41.1212
374,true,38.0733
375,true,39.6990
376,true,41.9026
377,true,37.5301
378,true,40.6038
379,true,39.4690
380,true,63.4341
381,true,51.7721
382,true,50.1103
383,true,55.6417
384,true,86.5511
385,true,40.7705
386,true,43.4706
387,true,42.6412
388,true,36.5796
389,true,37.0790
390,true,36.9901
391,true,37.3551
392,true,36.0223
393,true,36.1860
394,true,32.0823
395,true,31.7894
396,true,35.2890
397,true,30.4343
398,true,31.5242
399,true,32.5731
400,true,32.1211
401,true,29.8896
402,true,32.2586
403,true,31.7281
404,true,30.3349
405,true,32.0603
406,true,31.1184
407,true,31.2922
408,true,31.5768
409,true,30.7948
410,true,31.5596
411,true,44.3696
412,true,30.5401
413,true,33.1945
414,true,30.8945
415,true,32.0712
416,true,34.3113
417,true,31.3149
418,true,32.3502
419,true,36.6416
420,true,36.5584
421,true,36.9833
422,true,41.8167
423,true,40.7001
424,true,44.1296
425,true,39.0843
426,true,38.0943
427,true,37.1712
428,true,30.4379
429,true,37.5197
430,true,35.3539
431,true,47.8041
432,true,36.9537
433,true,34.3770
434,true,45.0890
435,true,32.5287
436,true,30.6977
437,true,32.8106
438,true,45.0406
439,true,32.4921
440,true,30.7210
441,true,31.7508
442,true,30.6783
443,true,40.2203
444,true,35.7692
445,true,32.5886
446,true,32.0302
447,true,31.8692
448,true,31.3853
449,true,36.0081
450,true,34.0155
451,true,34.9550
452,true,40.6133
453,true,37.1669
454,true,35.7770
455,true,37.0482
456,true,36.2873
457,true,29.8641
458,true,34.1096
459,true,29.9498
460,true,30.8027
461,true,30.9063
462,true,31.7233
463,true,32.2907
464,true,34.7424
465,true,30.4129
466,true,30.2622
467,true,32.7233
468,true,46.9273
469,true,30.4310
470,true,36.6843
471,true,32.2982
472,true,31.9100
473,true,31.9406
474,true,32.2100
475,true,32.5748
476,true,30.8078
477,true,30.6253
478,true,30.6179
479,true,32.3037
480,true,32.5428
481,true,30.3942
482,true,42.1683
483,true,39.7741
484,true,56.1359
485,true,48.4187
486,true,59.3200
487,true,50.3535
488,true,46.2990
489,true,42.8443
490,true,37.6780
491,true,30.1980
492,true,33.5379
493,true,33.6583
494,true,34.6211
495,true,37.4162
496,true,30.2030
497,true,33.7595
498,true,31.8331
499,true,35.8947
500,true,30.4292
501,true,36.0972
502,true,31.2180
503,true,29.6415
504,true,30.4072
505,true,30.2727
506,true,31.1735
507,true,30.8016
508,true,33.2045
509,true,31.2575
510,true,35.9817
511,true,32.2065
512,true,45.6969
513,true,37.1840
514,true,40.1910
515,true,39.9075
516,true,34.2157
517,true,37.6820
518,true,37.8697
519,true,31.1720
520,true,31.4243
521,true,35.5292
522,true,31.3409
523,true,32.5185
524,true,42.4707
525,true,31.4719
526,true,30.8282
527,true,32.2950
528,true,35.8222
529,true,31.1203
530,true,33.5332
531,true,30.0645
532,true,32.0640
533,true,31.6893
534,true,31.8713
535,true,44.0848
536,true,40.3560
537,true,30.5385
538,true,36.0194
539,true,42.8957
540,true,43.9922
541,true,38.4963
542,true,39.8248
543,true,40.0438
544,true,38.0089
545,true,42.2371
546,true,38.2542
547,true,33.5748
548,true,35.3518
549,true,37.8798
550,true,31.8355
551,true,32.2330
552,true,35.5512
553,true,30.4718
554,true,32.7716
555,true,32.6660
556,true,31.5153
557,true,36.5417
558,true,29.5579
559,true,31.8114
560,true,30.4823
561,true,30.3879
562,true,30.6345
563,true,30.5392
564,true,30.6050
565,true,44.8507
566,true,31.1856
567,true,30.1204
568,true,32.7295
569,true,32.2560
570,true,33.5330
571,true,29.3821
572,true,32.3547
573,true,30.3152
574,true,34.0524
575,true,29.0074
576,true,35.4520
577,true,36.6646
578,true,36.1255
579,true,36.4966
580,true,34.7879
581,true,34.9645
582,true,48.3695
583,true,30.9248
584,true,31.6950
585,true,38.0024
586,true,30.5002
587,true,29.9686
588,true,34.9225
589,true,29.8525
590,true,29.9020
591,true,30.5327
592,true,29.5082
593,true,31.6529
594,true,30.9304
595,true,28.6932
596,true,30.9862
597,true,33.1934
598,true,30.2220
599,true,31.1683
600,true,32.2284
601,true,31.3747
602,true,30.2612
603,true,32.3718
604,true,29.9814
605,true,33.7726
606,true,30.2926
607,true,35.8235
608,true,29.3686
609,true,32.9789
610,true,36.1243
611,true,38.0019
612,true,35.9237
613,true,34.6030
614,true,35.5726
615,true,38.2505
616,true,33.5847
617,true,30.0192
618,true,30.1159
619,true,30.0510
620,true,31.6970
621,true,30.5968
622,true,29.1058
623,true,32.0645
624,true,39.1952
625,true,33.2442
626,true,33.2447
627,true,30.2143
628,true,36.3888
629,true,30.0604
630,true,34.0957
631,true,29.7743
632,true,29.9842
633,true,34.5405
634,true,33.2329
635,true,29.8653
636,true,34.1281
637,true,29.9520
638,true,31.2421
639,true,31.6709
640,true,28.7124
641,true,29.9515
642,true,29.6595
643,true,38.8173
644,true,37.9258
645,true,34.8201
646,true,38.4242
647,true,35.4186
648,true,40.1187
649,true,38.4025
650,true,30.8350
651,true,31.3581
652,true,35.7234
653,true,30.0070
654,true,35.3027
655,true,29.1687
656,true,30.8722
657,true,30.0185
658,true,31.5915
659,true,31.6639
660,true,29.9314
661,true,33.0375
662,true,31.3128
663,true,32.3240
664,true,30.1726
665,true,30.4522
666,true,33.7050
